INSERT INTO LIGHT (ID, LEVEL, STATUS) VALUES (1, 20,'ON');
INSERT INTO NOISE (ID, LEVEL, STATUS) VALUES (1, 30,'ON');
INSERT INTO ROOM (ID, LIGHT_ID, NOISE_ID) VALUES (1, 1, 1);

INSERT INTO LIGHT (ID, LEVEL, STATUS) VALUES (2, 50,'OFF');
INSERT INTO NOISE (ID, LEVEL, STATUS) VALUES (2, 50,'OFF');
INSERT INTO ROOM (ID, LIGHT_ID, NOISE_ID) VALUES (2, 2, 2);

INSERT INTO LIGHT (ID, LEVEL, STATUS) VALUES (3, 20,'ON');
INSERT INTO NOISE (ID, LEVEL, STATUS) VALUES (3, 30,'ON');
INSERT INTO ROOM (ID, LIGHT_ID, NOISE_ID) VALUES (3, 3, 3);

INSERT INTO LIGHT (ID, LEVEL, STATUS) VALUES (4, 50,'OFF');
INSERT INTO NOISE (ID, LEVEL, STATUS) VALUES (4, 50,'OFF');
INSERT INTO ROOM (ID, LIGHT_ID, NOISE_ID) VALUES (4, 4, 4);

INSERT INTO LIGHT (ID, LEVEL, STATUS) VALUES (5, 20,'ON');
INSERT INTO NOISE (ID, LEVEL, STATUS) VALUES (5, 30,'ON');
INSERT INTO ROOM (ID, LIGHT_ID, NOISE_ID) VALUES (5, 5, 5);

INSERT INTO LIGHT (ID, LEVEL, STATUS) VALUES (6, 50,'OFF');
INSERT INTO NOISE (ID, LEVEL, STATUS) VALUES (6, 50,'OFF');
INSERT INTO ROOM (ID, LIGHT_ID, NOISE_ID) VALUES (6, 6, 6);

INSERT INTO LIGHT (ID, LEVEL, STATUS) VALUES (7, 20,'ON');
INSERT INTO NOISE (ID, LEVEL, STATUS) VALUES (7, 30,'ON');
INSERT INTO ROOM (ID, LIGHT_ID, NOISE_ID) VALUES (7, 7, 7);

INSERT INTO BUILDING (ID, NAME) VALUES (1,'158');
INSERT INTO BUILDING (ID, NAME) VALUES (2,'EF');
INSERT INTO BUILDING (ID, NAME) VALUES (3,'ME');

INSERT INTO BUILDING_ROOMS (BUILDING_ID, ROOMS_ID) VALUES (1,1);
INSERT INTO BUILDING_ROOMS (BUILDING_ID, ROOMS_ID) VALUES (1,2);
INSERT INTO BUILDING_ROOMS (BUILDING_ID, ROOMS_ID) VALUES (2,3);
INSERT INTO BUILDING_ROOMS (BUILDING_ID, ROOMS_ID) VALUES (2,4);
INSERT INTO BUILDING_ROOMS (BUILDING_ID, ROOMS_ID) VALUES (2,5);
INSERT INTO BUILDING_ROOMS (BUILDING_ID, ROOMS_ID) VALUES (3,6);
INSERT INTO BUILDING_ROOMS (BUILDING_ID, ROOMS_ID) VALUES (3,7);